brand,goods_id,link,product_price,star_count,title
NC1DM73A 고 프리 하이브리드 다운 코트 EX,2105483,https://store.musinsa.com/app/goods/2105483?loc=goods_rank,,315,[이동휘 착용][리뉴얼 ver.][3M 신슐레이트]오리지널 M-1965 피쉬테일 파카_Original Khaki
라퍼지스토어,2064478,https://store.musinsa.com/app/goods/2064478?loc=goods_rank,"799,900원","16,365",[무봉제]덕다운 심리스 미니멀 푸퍼 숏패딩_Black
Cashmere Baby Cardigan (Red),1651083,https://store.musinsa.com/app/goods/1651083?loc=goods_rank,"469,000원",5,풀오버 오버핏 양털 후드티_Cream
이노블럭 RDS 다운 숏패딩 (KHAKI),2139945,https://store.musinsa.com/app/goods/2139945?loc=goods_rank,,1,프리미엄 실버폭스 구스다운 숏패딩 (KHAKI)
싱글 라이더스 자켓 램 레더 (블랙),602134,https://store.musinsa.com/app/goods/602134?loc=goods_rank,"79,800원",687,P.E.DEPT® EMBROIDERY YOGA BEGINNER CLASS HOODIE ZIP UP GRAY
GREY SEMI-OVERFIT 3BOTTON COAT TNCO1F705G2,2047792,https://store.musinsa.com/app/goods/2047792?loc=goods_rank,,13,Logo Puffer Short Padding_Gray
WOOL FRENCH WORK JACKET (BLUE),2155744,https://store.musinsa.com/app/goods/2155744?loc=goods_rank,,2,LEATHER MIX MUSTANG JACKET (NAVY)
캠퍼트 다운 자켓_MS,2131386,https://store.musinsa.com/app/goods/2131386?loc=goods_rank,,8,빅오버 플리스 집업 자켓_Cream
키르시 X 아식스 플리스 리버서블 자켓 [아이보리],2208501,https://store.musinsa.com/app/goods/2208501?loc=goods_rank,"327,000원",1,미니멀 울 트러커자켓(브라운)
유니섹스 헤비 리버시블 리얼 라쿤털 후드 롱패딩 카키 IRO074,1740529,https://store.musinsa.com/app/goods/1740529?loc=goods_rank,"269,100원",1,WOOL EMBROIDERY HANDSOME DAN KNIT CARDIGAN GRAY
코딩 프린트 블랙 패딩 후드 자켓,1641591,https://store.musinsa.com/app/goods/1641591?loc=goods_rank,"35,100원",2,빅오버 플리스 집업 자켓_Midnight Blue
오버사이즈 트위드 자켓 CREAM,2167432,https://store.musinsa.com/app/goods/2167432?loc=goods_rank,"99,900원",2,모디파이 2way 오버핏 MA-1 자켓_Khaki
파스텔 숏 패딩 점퍼 스카이 블루,1682389,https://store.musinsa.com/app/goods/1682389?loc=goods_rank,,3,WOOL BLAZER NAVY
보아  퀼팅 후드집업 라이트블루,2152814,https://store.musinsa.com/app/goods/2152814?loc=goods_rank,,24,XJ22 키지멘 쉐르파 자켓 (BROWN)
레스터G 여성 RDS 구스다운 숏패딩 (L/BLUE),2034566,https://store.musinsa.com/app/goods/2034566?loc=goods_rank,"119,000원",1,디테쳐블 롱 솔리드 패딩블랙
오버사이즈 MA-1 보머 재킷 [다크 그레이],1601469,https://store.musinsa.com/app/goods/1601469?loc=goods_rank,"129,000원",268,오버핏 MA-1 자켓_Black
디태처블 칼라 테디 재킷 [아이보리],2209822,https://store.musinsa.com/app/goods/2209822?loc=goods_rank,,4,노타임 보아 플리스 뽀글이 집업 자켓_블랙
반슬리 RDS 다운 남성 숏패딩 (IVORY),2147150,https://store.musinsa.com/app/goods/2147150?loc=goods_rank,"76,400원",3,오리지널 프랑스 F2 자켓_Black
B&)울100핸드메이드벨티드롱코트 HUCA720E,1642844,https://store.musinsa.com/app/goods/1642844?loc=goods_rank,"103,600원",2,렌티큘러 패치 리버시블 블루종 그린체크
여성 쭈리 점퍼(그린)_GLS1WU02GN,1861227,https://store.musinsa.com/app/goods/1861227?loc=goods_rank,"79,800원",4,유니섹스 베이직 유틸리티 오버핏 덕다운 숏패딩 블랙 IRO070
비건 무스탕 (카멜)_FREE,1711297,https://store.musinsa.com/app/goods/1711297?loc=goods_rank,"70,900원",1,그레이 세미 오버핏 3버튼 미니멀 울 자켓
21FW AZN023 BLACK 블랙와펜 울 가디건,2208408,https://store.musinsa.com/app/goods/2208408?loc=goods_rank,"129,000원",14,빌리브 인 유어셀프 보아 플리스 뽀글이 집업 자켓_블랙
오버핏 비건레더 보머 자켓,2086731,https://store.musinsa.com/app/goods/2086731?loc=goods_rank,,160,V050 울 트러커 자켓 (그린)
MNSS 우먼 더블 라이더 마운트 자켓 (블랙),671800,https://store.musinsa.com/app/goods/671800?loc=goods_rank,,1,블랙 오버핏 데님  트러커 자켓
[unisex] pocket jumper (orange),1227739,https://store.musinsa.com/app/goods/1227739?loc=goods_rank,"139,000원",1,PHYPS® FLEECE YOGA BEAR RUBBER LABEL TRACK JACKET GREEN
[ASIA] Ripple 코듀로이 캐주얼 자켓 (BLACK) CKJA1F623BK,2190064,https://store.musinsa.com/app/goods/2190064?loc=goods_rank,,1,클래식 언컨 오버 블레이져_Light Navy
S.H.V STAFF VARSITY JACKET GREEN/YELLOW,2180195,https://store.musinsa.com/app/goods/2180195?loc=goods_rank,"68,690원",3,
모션 구스 다운 패딩 (T12B9QOT500MT2BDS),2261083,https://store.musinsa.com/app/goods/2261083?loc=goods_rank,"125,100원",87,HOODED JACKET (BLACK)
테리 원버튼 가디건(블랙),1682929,https://store.musinsa.com/app/goods/1682929?loc=goods_rank,,1,USFL 고딕 로고 후드 집업 (그레이)
브릭 호피 밍크 아웃포켓 시어링 아우터 (161Y3VGYAC),2235893,https://store.musinsa.com/app/goods/2235893?loc=goods_rank,"620,000원",1,서클 로고 패딩 플리스 재킷 (블랙)
플리스 후디 아노락자켓 (D/BLUE),1563058,https://store.musinsa.com/app/goods/1563058?loc=goods_rank,"179,400원",3,MM high frequency padding BE
매거진 퀼팅 자켓,2233684,https://store.musinsa.com/app/goods/2233684?loc=goods_rank,"189,050원",13,
COZY SINGLE WOOL COAT_BLACK,1710531,https://store.musinsa.com/app/goods/1710531?loc=goods_rank,,728,SILKY BOA EMBROIDERY HANDSOME DAN HOODIE ZIP PARKA NAVY
아가일 니트 베스트 (네이비),2082790,https://store.musinsa.com/app/goods/2082790?loc=goods_rank,"86,000원",18,Sakura Storm Jkt - Black
REVERSIBLE OVERFIT MUSTANG -BLACK,2238934,https://store.musinsa.com/app/goods/2238934?loc=goods_rank,,1,코듀로이 스판 대디자켓 네이비
GREY tweed wool blazer(MJ003),1561735,https://store.musinsa.com/app/goods/1561735?loc=goods_rank,,3,그린 오버핏 포켓 라운드 니트 베스트
AE_Double Wool Coat_CH,1709470,https://store.musinsa.com/app/goods/1709470?loc=goods_rank,"2,166,200원",4,MIXED BOA TRACK JACKET BEIGE
REAL DISTRESSED MERINO MUSTANG JUMPER DARK BROWN,2225350,https://store.musinsa.com/app/goods/2225350?loc=goods_rank,"189,000원",7,EMBROIDERY TENNIS HANDSOME DAN HOODIE ZIP UP NAVY
UTILITY 2-WAY 필드 자켓 Black,1310668,https://store.musinsa.com/app/goods/1310668?loc=goods_rank,"113,400원",38,유니섹스 리버시블 후드 아노락 패딩 아이보리 IRO031
YUSUPOV DOWN JACKET BLACK,2185912,https://store.musinsa.com/app/goods/2185912?loc=goods_rank,,11,코듀로이 리버시블 숏패딩 블루
STVJ311BKM Military Quilting Vest,2160355,https://store.musinsa.com/app/goods/2160355?loc=goods_rank,"149,000원",1,유니섹스 베이직 유틸리티 오버핏 덕다운 숏패딩 카키 IRO070
M1660 슬림핏 미니멀 블랙 셋업,864541,https://store.musinsa.com/app/goods/864541?loc=goods_rank,"210,000원",142,YALE ARCH HOODIE ZIP NAVY
,2145504,https://store.musinsa.com/app/goods/2145504?loc=goods_rank,,1,V660 덕다운 헤비 오버사이즈 체크 숏패딩-(체크 그레이)
Hotfix Velour Tracksuit Beige,2255888,https://store.musinsa.com/app/goods/2255888?loc=goods_rank,"115,500원",7,클래식 언컨 오버 블레이져_Light Khaki
벨티드방수덕다운롱패딩 KDN6O08_BK,1198778,https://store.musinsa.com/app/goods/1198778?loc=goods_rank,"238,000원",1,소프트 쉘 윈드브레이크 자켓 (네이비)
WOOL VARSITY JACKET OLIVE,2151558,https://store.musinsa.com/app/goods/2151558?loc=goods_rank,"189,000원",6,Scotch Puffer Short Parka_Orange
Toggle Eco Shearing Mustang_Black,2255864,https://store.musinsa.com/app/goods/2255864?loc=goods_rank,,2,[CB] 컬러라인 덕다운 숏패딩_BK
short blouson jacket black,1774933,https://store.musinsa.com/app/goods/1774933?loc=goods_rank,,16,ROYAL HANDMADE COAT BEIGE
다이아몬드패턴 페이크 밍크 퍼 자켓 MJ02JK100HJJ,2252351,https://store.musinsa.com/app/goods/2252351?loc=goods_rank,,18,WARM UP QUILTING VEST NAVY
수퍼 퍼피 자켓 - 화이트 / H20751,2210562,https://store.musinsa.com/app/goods/2210562?loc=goods_rank,"89,000원",3,BOA WARM UP HOODIE ZIP PARKA IVORY
REVE HOOD Ⅱ (리브 후드 2) 남녀공용 플리스 리버서블 다운 자켓_G/Khaki,2243299,https://store.musinsa.com/app/goods/2243299?loc=goods_rank,"160,600원",5,유니섹스 미니멀 덕다운 롱패딩 그레이 IRO049
Winter ver. 울 카라 자수 누빔 자켓 ( 그레이 ) 96120WR2014DE000,1667267,https://store.musinsa.com/app/goods/1667267?loc=goods_rank,"139,900원",8,컨트레스트 리버시블 패딩 PD4
21fw Crystal Jumper[Sky],2226697,https://store.musinsa.com/app/goods/2226697?loc=goods_rank,"199,000원",4,다크블루 오버핏 데님 초어 자켓
노맨틱 베이직 로고 울 가디건 아이보리,2061090,https://store.musinsa.com/app/goods/2061090?loc=goods_rank,"339,000원",10,WOOL 2 TONE ARCH JACQUARD KNIT VEST NAVY
베이직 V넥 퀼팅 경량 숏패딩 NY (Beige),2113374,https://store.musinsa.com/app/goods/2113374?loc=goods_rank,,3,19 후드 울 하프 코트 [베이지]
,1657360,https://store.musinsa.com/app/goods/1657360?loc=goods_rank,"299,000원",48,
클래식 체크 자켓_오트밀,1767922,https://store.musinsa.com/app/goods/1767922?loc=goods_rank,,9,컬시브 로고 벨루어 후드 집업 (브라운)
일꼬르소,2121411,https://store.musinsa.com/app/goods/2121411?loc=goods_rank,,6,페일베이지 세미 오버핏 패딩 플라이트 점퍼 IEJU1F205I4
BLACK OVER FIT FLIGHT GOOSE DOWN JUMPER TNJU1F712BK,2185154,https://store.musinsa.com/app/goods/2185154?loc=goods_rank,,11,모블러x권트윈스 오버핏 가디건 [브릭레드]
MARITHE VINTAGE FLEECE JACKET navy,2195908,https://store.musinsa.com/app/goods/2195908?loc=goods_rank,"109,000원",3,탈부착 후드 야상 파카 네이비
체크덕다운후드숏패딩 KPD8N01_GN,1275955,https://store.musinsa.com/app/goods/1275955?loc=goods_rank,,47,SMALL 2 TONE ARCH HOODIE ZIP UP NAVY
울 덤블 허리 스트링 코트 AL4WTB72,1701008,https://store.musinsa.com/app/goods/1701008?loc=goods_rank,,2,HERITAGE HANDSOME DAN CABLE KNIT VEST NAVY
보아 플리스 후드집업 블랙,2259330,https://store.musinsa.com/app/goods/2259330?loc=goods_rank,,1,EVE SINGLE COAT- BLACK
컬러레이션 덕 다운 오버사이즈 패딩 KA [다크 그린],2151669,https://store.musinsa.com/app/goods/2151669?loc=goods_rank,,1,LOGO BLOCK LONG PARKA-NAVY
돌핀 패턴 가디건 스카이블루,1663894,https://store.musinsa.com/app/goods/1663894?loc=goods_rank,"101,700원",10,타이거 카모 코치 자켓_카모
N194MDW260 주피터 롱 구스 다운 점퍼 CARBON BLACK,1259194,https://store.musinsa.com/app/goods/1259194?loc=goods_rank,"196,800원",8,버핑레더 프랑스 F2 자켓_Black
BALL PADDING GREEN,2180165,https://store.musinsa.com/app/goods/2180165?loc=goods_rank,"126,000원",3,헤비 보아양털 레트로 자켓
0 4 타이 다이 베이비 엔젤 후드,2217837,https://store.musinsa.com/app/goods/2217837?loc=goods_rank,"89,800원",16,
PLUMERIA PATCHED FLEECE JACKET NAVY,1613684,https://store.musinsa.com/app/goods/1613684?loc=goods_rank,"134,400원",6,MA-1 친츠 코팅 레더 후드 자켓_Coating Black
에코 레더 자켓 [IVORY] / S21W01009,2179802,https://store.musinsa.com/app/goods/2179802?loc=goods_rank,"225,000원",6,
[SMART][RDS]배색퀼팅경량다운점퍼 MVDJ72A1,2184476,https://store.musinsa.com/app/goods/2184476?loc=goods_rank,,7,블랙 오버핏 미니멀 트러커
CORDURA® Zip Up Sweat Black,2165159,https://store.musinsa.com/app/goods/2165159?loc=goods_rank,"73,100원",3,V111 루즈핏 오버 해링본 블레이저 (베이지)
컬러 배색 다운 자켓(FS2DJD4104XBLK),2204176,https://store.musinsa.com/app/goods/2204176?loc=goods_rank,"219,000원",1,블랙 오버핏 메탈릭 화섬 셔켓
detachable collar over fit coat_CWCAA21503BEX,2211883,https://store.musinsa.com/app/goods/2211883?loc=goods_rank,,13,
마운틴쿡 RDS 남성 다운 숏패딩 (BLACK),2034597,https://store.musinsa.com/app/goods/2034597?loc=goods_rank,,18,버핑레더 빅 포켓 블루종_Black
Jungle Fatigue Jacket,1760937,https://store.musinsa.com/app/goods/1760937?loc=goods_rank,,93,블루 오버핏 데님  트러커 자켓
7H72021 남성 레제로 LEGGERO 경량 다운 자켓,2245279,https://store.musinsa.com/app/goods/2245279?loc=goods_rank,"28,900원",7,미니멀 푸퍼 숏 패딩_라이트 카키
V01 덕베스트 (블랙),1497109,https://store.musinsa.com/app/goods/1497109?loc=goods_rank,"175,200원",12,[누빔안감]버핑레더 블레이져 자켓
4BUTTON CARDIGAN CHECK PURPLE,2251868,https://store.musinsa.com/app/goods/2251868?loc=goods_rank,"499,000원",740,리버시블 퀼팅 자켓(카키)
TWEED SHORT JUMPER IN BLACK,2195380,https://store.musinsa.com/app/goods/2195380?loc=goods_rank,"119,900원",2,레이 테크 오버핏 후드 집업 자켓_Black
SLIT JACKET [CHARCOAL],2127281,https://store.musinsa.com/app/goods/2127281?loc=goods_rank,"279,000원",2,[그레이휴X남윤수] 2-Way Quilted Coat BROWN G9WAC841_74
피크드 라펠 롱 코트 (BLACK),2229093,https://store.musinsa.com/app/goods/2229093?loc=goods_rank,"179,000원",22,셰르파 워크 재킷 (블랙)
[슈나이더] (여성)CRUMP바람막이자켓_SF1F2JK03,1287705,https://store.musinsa.com/app/goods/1287705?loc=goods_rank,,3,V112 루즈핏 오버 체크 블레이저 (베이지)
071910 라이트웨이트 다운 베스트,2114831,https://store.musinsa.com/app/goods/2114831?loc=goods_rank,,10,덕다운 더블 하프 패딩_Khaki
루즈핏 후드집업_SPMZB49G02,2045870,https://store.musinsa.com/app/goods/2045870?loc=goods_rank,,434,FLEECE HERITAGE HANDSOME DAN BLOUSON BLACK
수퍼 퍼피 자켓 - 블랙 / H20750,2206315,https://store.musinsa.com/app/goods/2206315?loc=goods_rank,,1,[구스 다운]블랙 오버핏 크롭 미니멀 2WAY 다운 점퍼 IEJU1F006BK
디하스 U넥 튜브 구스다운 남성 경량패딩 (BLACK),2104416,https://store.musinsa.com/app/goods/2104416?loc=goods_rank,,19,
아테나 디자인 크루 포켓 베스트 네이비,469768,https://store.musinsa.com/app/goods/469768?loc=goods_rank,,10,IVY LEAGUE BOA COACH JACKET BLACK
7H82042 여성 라이프스타일 퀼티드 다운 자켓,2248577,https://store.musinsa.com/app/goods/2248577?loc=goods_rank,"79,000원",74,버핑레더 와이드 트랙 자켓_Black
Faux Shearling Jacket Brown,2189913,https://store.musinsa.com/app/goods/2189913?loc=goods_rank,"94,000원",6,EMBROIDERY TENNIS HANDSOME DAN HOODIE ZIP UP GRAY
[ASIA] C로고 라운드넥 경량패딩 한국별주 (NORMAL KHAKI) CKJA1F830K2,2132229,https://store.musinsa.com/app/goods/2132229?loc=goods_rank,"39,900원",57,모디파이 2way 오버핏 MA-1 자켓_Silver Gray
카디 오버핏 MA-1 자켓 세이지 YHJK2319,1617882,https://store.musinsa.com/app/goods/1617882?loc=goods_rank,"96,600원",253,WARM UP QUILTING VEST BEIGE
Wool Varsity Jacket Dark Green,2143433,https://store.musinsa.com/app/goods/2143433?loc=goods_rank,,4,덕다운 오버핏 양털 푸퍼 패딩_Black
Alpaca and Wool-blend Jacket in Khaki Beige VW1AJ016-C4,2260223,https://store.musinsa.com/app/goods/2260223?loc=goods_rank,,191,덕다운 클래식 싱글 패딩코트_Gray
Swedish M-90 Cold Weather Parka - Olive,1208903,https://store.musinsa.com/app/goods/1208903?loc=goods_rank,,16,431-1 OVERFIT TRACK JACKET_BLACK
MA-1 플렉스 Black,821839,https://store.musinsa.com/app/goods/821839?loc=goods_rank,,306,Logo Puffer Short Padding_Gray
,2172973,https://store.musinsa.com/app/goods/2172973?loc=goods_rank,,7,버핑레더 코듀로이 트러커 블루종_Black
아스펜 리버서블 플리스 베스트 ASPEN REVERSIBLE FLEECE VEST,2063033,https://store.musinsa.com/app/goods/2063033?loc=goods_rank,"329,000원",304,웜에어 덕다운 리버시블 푸퍼 패딩_Brown Check
리버시블 플리스 집업 점퍼 블랙 (양면/리버시블 후리스),2062774,https://store.musinsa.com/app/goods/2062774?loc=goods_rank,,195,덕다운 더블 하프 패딩_Black
M-51 피시테일 코트 베이지,1582329,https://store.musinsa.com/app/goods/1582329?loc=goods_rank,"260,000원",377,블랙 [DUPONT] 오버핏 항아리 퀼팅 라이너 점퍼 IEJU1F303BK
21FW Duck Down Corduroy Jumper(PINK),2039464,https://store.musinsa.com/app/goods/2039464?loc=goods_rank,"283,100원",1,3M 리버시블 울리치 오버 미디 코트_Khaki Brown
CHI BULLS 숏다운 점퍼_N204DW030P,1673428,https://store.musinsa.com/app/goods/1673428?loc=goods_rank,,8,USF SUEDE MOUTON JACKET CAMEL
STOOKY PREMIUM (스투키 프리미엄) 남녀공용 인피니움 다운 자켓,2185329,https://store.musinsa.com/app/goods/2185329?loc=goods_rank,,29,USF SUEDE MOUTON JACKET MOSS GREEN
3M 신슐레이트 몬스터 파카 블랙,2127175,https://store.musinsa.com/app/goods/2127175?loc=goods_rank,,23,SMALL 2 TONE ARCH HOODIE ZIP UP GRAY
베이식 블레이저 [라이트 베이지],1895234,https://store.musinsa.com/app/goods/1895234?loc=goods_rank,"130,000원",295,울리치 쉬링 오버핏 더블 코트_Wheat
3M 신슐레이트 몬스터 파카 블랙,2181595,https://store.musinsa.com/app/goods/2181595?loc=goods_rank,"76,415원",7,울리치 쉬링 후드 더플 코트_Olive Khaki
Angora-blend Single Wool Coat in Beige VW1WH001-91,2260222,https://store.musinsa.com/app/goods/2260222?loc=goods_rank,,22,울리치 더블 자켓_Sienna
솔리드 울 맥코트 (브라운),1618471,https://store.musinsa.com/app/goods/1618471?loc=goods_rank,"1,664,000원",30,USF SUEDE MOUTON JACKET BLACK
에센셜 구스 다운 재킷 (그레이 베이지),2054314,https://store.musinsa.com/app/goods/2054314?loc=goods_rank,,35,친츠 코팅 벨티드 맥코트_Coating Black
르종드 노멀 블루 데님 집업자켓 / GMJK01NBL,1610218,https://store.musinsa.com/app/goods/1610218?loc=goods_rank,,9,벨티드 무톤 자켓 (브라운)
Faux Shearling Jacket Black,2189908,https://store.musinsa.com/app/goods/2189908?loc=goods_rank,,2,웜에어 덕다운 리버시블 푸퍼 패딩_Brown Velvet
,2159542,https://store.musinsa.com/app/goods/2159542?loc=goods_rank,"167,300원",6,[HANDMADE] 울 리치 오버 사이즈 싱글 코트_Saddle Brown
INDIGO JACK DENIM TRUCKER,2039434,https://store.musinsa.com/app/goods/2039434?loc=goods_rank,,119,3M 리버시블 울리치 오버 미디 코트_Brown Check
에이씨 소프트 니트 베스트 블랙,1792884,https://store.musinsa.com/app/goods/1792884?loc=goods_rank,"82,900원",198,
[스탠다드]21FW OVERSIZED M65 HOOD SHORT DOWN PARKA OLIVE,2161465,https://store.musinsa.com/app/goods/2161465?loc=goods_rank,"261,000원",23,웜에어 덕다운 리버시블 푸퍼 패딩_Khaki
,2126609,https://store.musinsa.com/app/goods/2126609?loc=goods_rank,,45,[구스 다운]차콜그레이 오버핏 몬스터 파카 다운 점퍼 IEJU1F004CG
,1555263,https://store.musinsa.com/app/goods/1555263?loc=goods_rank,,60,EMBROIDERY HANDSOME DAN HOODIE ZIP UP NAVY
언더에어,2231131,https://store.musinsa.com/app/goods/2231131?loc=goods_rank,,248,OVERSIZE DOUBLE COAT - CAMEL
BCC부스터후드다운자켓 BK,2159751,https://store.musinsa.com/app/goods/2159751?loc=goods_rank,"195,300원",17,(HEAT LINING)FLEECE EMBROIDERY HANDSOME DAN TRACK JACKET BROWN
[UNISEX]100 Middle Oversized Puffer Down [JAWS PURPLE],2195694,https://store.musinsa.com/app/goods/2195694?loc=goods_rank,"278,800원",17,[캐시미어 블렌디드] 카멜 세미 오버핏 3버튼 미니멀 코트 IECO1F004CM
[비건스웨이드] 크루얼티프리 알파 스웨이드 자켓 iro097 아이보리,2069866,https://store.musinsa.com/app/goods/2069866?loc=goods_rank,"89,900원",190,크레이지 베어 보아 플리스 뽀글이 집업 자켓_블랙
라퍼지스토어,2156798,https://store.musinsa.com/app/goods/2156798?loc=goods_rank,"43,900원","1,267",울리치 쉬링 후드 더플 코트_Wheat
하운드투스 체크 램스 울 니트 베스트 COOSVT007BLACK,2109141,https://store.musinsa.com/app/goods/2109141?loc=goods_rank,"319,000원",6,레이 테크 오버핏 후드 집업 자켓_Burgundy
하프앤하프 싱글 롱 코트(블랙-체크),1156615,https://store.musinsa.com/app/goods/1156615?loc=goods_rank,,5,
스트링 에센셜 후디 쉘 파카_샌드베이지,1791079,https://store.musinsa.com/app/goods/1791079?loc=goods_rank,,211,유니섹스 울 포켓 오버핏 숏코트 블랙 IRO030
,1576737,https://store.musinsa.com/app/goods/1576737?loc=goods_rank,,109,
,2241556,https://store.musinsa.com/app/goods/2241556?loc=goods_rank,,28,컬시브 로고 벨루어 후드 집업 (블랙)
콜라보 트렌짓 플리스 X0WU13442IVY,1742099,https://store.musinsa.com/app/goods/1742099?loc=goods_rank,,2,
라이트 구스 다운 하프 자켓 그레이,1739401,https://store.musinsa.com/app/goods/1739401?loc=goods_rank,"399,000원",52,
BALMACAAN COAT KA [CHECK],2161348,https://store.musinsa.com/app/goods/2161348?loc=goods_rank,"132,300원",5,[3M 신슐레이트] 다운 퀄팅 가디건 자켓_Cream
클라우드 크롭 다운 점퍼 (웜샌드),2144164,https://store.musinsa.com/app/goods/2144164?loc=goods_rank,"61,500원",16,울리치 오버핏 쉬링 바시티 자켓_Dark Brown
숏 퀼팅 자켓 블랙,1792939,https://store.musinsa.com/app/goods/1792939?loc=goods_rank,"69,900원",134,미니멀 푸퍼 숏 패딩_라이트 베이지
Double Cloth Balmacaan Coat Black,2147834,https://store.musinsa.com/app/goods/2147834?loc=goods_rank,"60,000원",235,
MTR 핸드메이드 더블 코트 (블랙),2144212,https://store.musinsa.com/app/goods/2144212?loc=goods_rank,"109,000원",699,[PACKAGE]퍼라이크 플리스 집업 자켓&팬츠 세트_Khaki Gray
라퍼지스토어,1173379,https://store.musinsa.com/app/goods/1173379?loc=goods_rank,,54,[무봉제]덕다운 심리스 미니멀 푸퍼 숏패딩_Khaki
,2172231,https://store.musinsa.com/app/goods/2172231?loc=goods_rank,,205,[이동휘 착용][구스 다운]블랙 오버핏 롱 싱글 다운 코트 IECO1F201BK
미니멀 무톤 자켓_블랙,2184430,https://store.musinsa.com/app/goods/2184430?loc=goods_rank,"107,400원",706,
컴포터블 벌룬핏 다운 패딩 블랙 COOSJP031BLACK,1145582,https://store.musinsa.com/app/goods/1145582?loc=goods_rank,"79,920원",499,블랙 오버핏 에코 스웨이드 무스탕
벌키 브러쉬 아가일 가디건 KHAKI,1635087,https://store.musinsa.com/app/goods/1635087?loc=goods_rank,,423,울리치 트렌치 맥코트_Black
(21FW) 벨벳 트랙 세트 네이비,2234157,https://store.musinsa.com/app/goods/2234157?loc=goods_rank,"175,000원",3,브라운 오버핏 미니멀 트러커
NJ4FM53K 화이트라벨 리만 플리스 후디,2256198,https://store.musinsa.com/app/goods/2256198?loc=goods_rank,,1,헤비 플리스 쉬링 후드 자켓_Mocha Brown
케이드 후드 남성 리버시블 숏패딩 (D/IVORY),2045857,https://store.musinsa.com/app/goods/2045857?loc=goods_rank,"299,000원",22,[구스 다운]카키 오버핏 볼륨 롱 다운 디테처블 후드 야상 점퍼 IEJU1F005K2
버킹엄 체크 셋업 수트 블랙,2074866,https://store.musinsa.com/app/goods/2074866?loc=goods_rank,,54,
라퍼지 포 우먼,1611891,https://store.musinsa.com/app/goods/1611891?loc=goods_rank,"84,500원",63,덕다운 쉬링 무톤 푸퍼 패딩_Deep Khaki
리버서블 보아 숏푸퍼2 [베이지] WHJPB4V01U,2014502,https://store.musinsa.com/app/goods/2014502?loc=goods_rank,"127,000원",371,울리치 오버핏 쉬링 바시티 자켓_Black
2차 재입고 로우 엣지 쓰리버튼 자켓,1716583,https://store.musinsa.com/app/goods/1716583?loc=goods_rank,"162,100원",7,WARM UP QUILTING JACKET BLACK
